Date,Open,High,Low,Close,Adj Close,Volume,MA_5,MA_10,MA_12,MA_26,MA_20,MA_50,MA_100,Pct_change,Volatility,Day_of_week,RSI,MACD,MACD_signal,Bollinger_mavg,Bollinger_hband,Bollinger_lband,Lag_1,Lag_2,Lag_3,Volume_MA_10,Volume_pct_MA,High_Low_Range,Price_Change_Direction,MACD_Hist,PPO,P/E_Ratio,Volume_Norm,VIX
2023-05-04,25.530001,26.98,25.25,26.9,26.672611,77004200,26.4880002,26.669000099999998,26.746666833333332,26.1296155,26.41050015,25.915800020000002,24.40279997,-1.4869888475836368,0.6316405578607456,Thursday,37.92161731301297,-0.4466349672542087,-0.2598100144299931,26.41050015,27.640158123341088,25.180842176658913,26.9,26.9,26.9,13430340.0,0.25257737332040736,1.7300000000000004,0,0.19658910825049425,-2.3011516695809564,14.93308771342273,1.1971584068855057,38.119883239783114
2023-05-05,26.66,27.030001,26.209999,26.5,26.275993,11289900,26.4880002,26.669000099999998,26.746666833333332,26.1296155,26.41050015,25.915800020000002,24.40279997,-1.4869888475836368,0.6316405578607456,Friday,37.92161731301297,-0.4466349672542087,-0.2598100144299931,26.41050015,27.640158123341088,25.180842176658913,26.9,26.9,26.9,13430340.0,0.25257737332040736,0.8200019999999988,0,0.19658910825049425,-2.3011516695809564,12.748795798870397,-0.3549659428660469,13.927620884318136
2023-05-08,26.33,26.85,25.91,26.51,26.28591,6308300,26.4880002,26.669000099999998,26.746666833333332,26.1296155,26.41050015,25.915800020000002,24.40279997,0.03773584905661931,0.6316405578607456,Monday,37.92161731301297,-0.4466349672542087,-0.2598100144299931,26.41050015,27.640158123341088,25.180842176658913,26.5,26.9,26.9,13430340.0,0.25257737332040736,0.9400000000000013,1,0.19658910825049425,-2.3011516695809564,22.149976825629416,-0.4726277403853438,38.76031686265433
2023-05-09,26.51,26.84,26.07,26.280001,26.057854,4684000,26.4880002,26.669000099999998,26.746666833333332,26.1296155,26.41050015,25.915800020000002,24.40279997,-0.8675933609958664,0.6316405578607456,Tuesday,37.92161731301297,-0.4466349672542087,-0.2598100144299931,26.41050015,27.640158123341088,25.180842176658913,26.51,26.5,26.9,13430340.0,0.25257737332040736,0.7699999999999996,0,0.19658910825049425,-2.3011516695809564,15.051835939989921,-0.5109925343693237,17.94228653582391
2023-05-10,26.280001,26.77,26.01,26.25,26.028107,9602400,26.4880002,26.669000099999998,26.746666833333332,26.1296155,26.41050015,25.915800020000002,24.40279997,-0.11415905197262877,0.6316405578607456,Wednesday,37.92161731301297,-0.4466349672542087,-0.2598100144299931,26.41050015,27.640158123341088,25.180842176658913,26.280001,26.51,26.5,13430340.0,0.25257737332040736,0.759999999999998,0,0.19658910825049425,-2.3011516695809564,11.843939912630685,-0.39482347524797506,20.591425429216976
2023-05-11,26.030001,26.33,26.0,26.0,25.78022,5687300,26.3080002,26.669000099999998,26.746666833333332,26.1296155,26.41050015,25.915800020000002,24.40279997,-0.952380952380949,0.6316405578607456,Thursday,37.92161731301297,-0.4466349672542087,-0.2598100144299931,26.41050015,27.640158123341088,25.180842176658913,26.25,26.280001,26.51,13430340.0,0.25257737332040736,0.3299999999999983,0,0.19658910825049425,-2.3011516695809564,20.784666877093603,-0.4872953123018934,35.054046812800934
2023-05-12,26.02,26.620001,25.9,26.5,26.275993,5433500,26.3080002,26.669000099999998,26.746666833333332,26.1296155,26.41050015,25.915800020000002,24.40279997,1.9230769230769162,1.1589096703232709,Friday,37.92161731301297,-0.4466349672542087,-0.2598100144299931,26.41050015,27.640158123341088,25.180842176658913,26.0,26.25,26.280001,13430340.0,0.25257737332040736,0.7200009999999999,1,0.19658910825049425,-2.3011516695809564,12.85153766726334,-0.4932898851721354,15.387853565231564
2023-05-15,26.5,27.795,26.5,27.5,27.26754,7083200,26.5060002,26.669000099999998,26.746666833333332,26.1296155,26.41050015,25.915800020000002,24.40279997,3.7735849056603765,2.04814695593282,Monday,37.92161731301297,-0.4466349672542087,-0.2598100144299931,26.41050015,27.640158123341088,25.180842176658913,26.5,26.0,26.25,13430340.0,0.25257737332040736,1.2950000000000017,1,0.19658910825049425,-2.3011516695809564,29.716743907084815,-0.45432516151556235,29.367211090075052
2023-05-16,27.540001,27.77,26.99,27.030001,26.801514,3818400,26.6560002,26.669000099999998,26.746666833333332,26.1296155,26.41050015,25.915800020000002,24.40279997,-1.7090872727272832,2.2401294826029807,Tuesday,37.92161731301297,-0.4466349672542087,-0.2598100144299931,26.41050015,27.640158123341088,25.180842176658913,27.5,26.5,26.0,13430340.0,0.25257737332040736,0.7800000000000011,0,0.19658910825049425,-2.3011516695809564,13.585514158151158,-0.5314373817943886,36.42692780515839
2023-05-17,27.299999,27.700001,26.6,27.219999,26.989906,3392200,26.85,26.669000099999998,26.746666833333332,26.1296155,26.41050015,25.915800020000002,24.40279997,0.7029152533142735,2.205990421818818,Wednesday,37.92161731301297,-0.4466349672542087,-0.2598100144299931,26.41050015,27.640158123341088,25.180842176658913,27.030001,27.5,26.5,13430340.0,0.25257737332040736,1.100000999999999,1,0.19658910825049425,-2.3011516695809564,18.74402163951055,-0.5415039182691606,36.80373741138013
2023-05-18,27.219999,27.35,26.700001,27.040001,26.81143,2648100,27.058000200000002,26.6830002,26.746666833333332,26.1296155,26.41050015,25.915800020000002,24.40279997,-0.6612711484669798,2.1531137905272075,Thursday,37.92161731301297,-0.4466349672542087,-0.2598100144299931,26.41050015,27.640158123341088,25.180842176658913,27.219999,27.030001,27.5,5994730.0,0.4417379932040309,0.6499990000000011,0,0.19658910825049425,-2.3011516695809564,19.70312432475842,-0.5590790233627267,29.652615375165364
2023-05-19,27.040001,27.259001,26.690001,27.23,26.999823,1794300,27.204000200000003,26.7560002,26.746666833333332,26.1296155,26.41050015,25.915800020000002,24.40279997,0.7026589976827369,2.0620468643971086,Friday,37.92161731301297,-0.4466349672542087,-0.2598100144299931,26.41050015,27.640158123341088,25.180842176658913,27.040001,27.219999,27.030001,5045170.0,0.3556470842409671,0.5690000000000026,1,0.19658910825049425,-2.3011516695809564,29.76370599438355,-0.5792451633020987,34.186125087222365
2023-05-22,27.33,27.43,25.959999,26.07,25.849628,7509400,26.9180002,26.7120002,26.677500166666672,26.1296155,26.41050015,25.915800020000002,24.40279997,-4.260007344840256,2.06361646514868,Monday,37.92161731301297,-0.4466349672542087,-0.2598100144299931,26.41050015,27.640158123341088,25.180842176658913,27.23,27.040001,27.219999,5165280.0,1.4538224452498218,1.470001,0,0.19658910825049425,-2.3011516695809564,29.612291607877538,-0.44425862504079033,14.27605436216847
2023-05-23,26.01,26.26,25.809999,26.0,25.78022,2485000,26.712,26.684000100000002,26.635833500000004,26.1296155,26.41050015,25.915800020000002,24.40279997,-0.2685078634445781,2.0482190953800252,Tuesday,37.92161731301297,-0.4466349672542087,-0.2598100144299931,26.41050015,27.640158123341088,25.180842176658913,26.07,27.23,27.040001,4945380.0,0.5024891919326725,0.4500010000000003,0,0.19658910825049425,-2.3011516695809564,29.02689732433,-0.5629313276776852,29.404979575039626
2023-05-24,26.01,26.549999,25.860001,26.450001,26.226418,1953600,26.558000400000005,26.704000200000003,26.63083358333333,26.1296155,26.41050015,25.915800020000002,24.40279997,1.7307730769230867,2.2708393771744815,Wednesday,45.88859473120361,-0.4466349672542087,-0.2598100144299931,26.41050015,27.640158123341088,25.180842176658913,26.0,26.07,27.23,4180500.0,0.46731252242554716,0.6899979999999992,1,0.19658910825049425,-2.3011516695809564,22.18740544606285,-0.5754826122452447,19.104070317440325
2023-05-25,26.5,26.639999,25.9,26.33,26.107431,2139400,26.416000200000003,26.7370002,26.635000166666668,26.1296155,26.41050015,25.915800020000002,24.40279997,-0.4536899639436709,2.270223000302008,Thursday,44.25743858315701,-0.4466349672542087,-0.2598100144299931,26.41050015,27.640158123341088,25.180842176658913,26.450001,26.0,26.07,3825710.0,0.5592164591670565,0.739999000000001,0,0.19658910825049425,-2.3011516695809564,17.85694017061078,-0.5710941503095041,30.64904363804715
2023-05-26,26.43,26.43,26.200001,26.299999,26.077684,844100,26.23,26.7170001,26.63916675,26.1296155,26.41050015,25.915800020000002,24.40279997,-0.1139422711735616,2.1891209990461324,Friday,43.8378960168328,-0.4466349672542087,-0.2598100144299931,26.41050015,27.640158123341088,25.180842176658913,26.33,26.450001,26.0,3366770.0,0.25071507706199114,0.2299989999999994,0,0.19658910825049425,-2.3011516695809564,21.15192855023651,-0.601688201683911,38.55933237554175
2023-05-30,26.280001,26.5,25.129999,25.73,25.512503,6340200,26.162,26.540000099999997,26.616666749999997,26.1296155,26.41050015,25.915800020000002,24.40279997,-2.1672966603534793,1.3838108239173927,Tuesday,36.716377227866005,-0.4466349672542087,-0.2598100144299931,26.41050015,27.640158123341088,25.180842176658913,26.299999,26.33,26.450001,3292470.0,1.9256667486719696,1.3700009999999985,0,0.19658910825049425,-2.3011516695809564,15.072828036688621,-0.47187428540283505,17.241335603405354
2023-05-31,25.620001,25.620001,24.99,25.09,24.877913,6347800,25.98,26.345999999999997,26.49916675,26.1296155,26.41050015,25.915800020000002,24.40279997,-2.4873688301593533,1.7073680406598912,Wednesday,30.688212881273486,-0.4466349672542087,-0.2598100144299931,26.41050015,27.640158123341088,25.180842176658913,25.73,26.299999,26.33,3545410.0,1.7904276233214211,0.630001,0,0.19658910825049425,-2.3011516695809564,15.619818344534998,-0.4716947788866261,12.828755544701181
2023-06-01,25.299999,25.639999,24.75,25.280001,25.066307,6072700,25.746,26.152000199999996,26.31416683333333,26.1296155,26.41050015,25.915800020000002,24.40279997,0.7572777999202751,1.3864689876288303,Thursday,34.145014944093234,-0.4466349672542087,-0.2598100144299931,26.41050015,27.640158123341088,25.180842176658913,25.09,25.73,26.299999,3813460.0,1.5924383630613668,0.8899989999999995,1,0.19658910825049425,-2.3011516695809564,24.856980548442586,-0.4781924423878222,21.63640290279282
2023-06-02,25.26,25.700001,24.969999,25.549999,25.334023,2329400,25.5899998,26.002999999999997,26.19083333333333,26.1296155,26.3430001,25.915800020000002,24.40279997,1.0680300210431204,1.6491449478652038,Friday,38.81486246359672,-0.4466349672542087,-0.2598100144299931,26.3430001,27.60553886360354,25.08046133639646,25.280001,25.09,25.73,3781590.0,0.6159842817439225,0.7300019999999989,1,0.19658910825049425,-2.3011516695809564,15.287884462115551,-0.5666064874042795,12.213331110290772
2023-06-05,25.58,25.77,24.83,25.15,24.937405,4737300,25.36,25.794999999999998,26.018333416666668,26.1296155,26.2755001,25.915800020000002,24.40279997,-1.5655538773210909,1.6722922699965637,Monday,34.86985990704122,-0.4466349672542087,-0.2598100144299931,26.2755001,27.63766719092591,24.913333009074087,25.549999,25.280001,25.09,4075890.0,1.1622737610681348,0.9400000000000013,0,0.19658910825049425,-2.3011516695809564,20.02656466356312,-0.5097336268280159,11.499245164033127
2023-06-06,25.0,25.389999,24.9,25.17,24.957235,1315000,25.247999999999998,25.705000000000002,25.862499999999997,26.1296155,26.2085001,25.915800020000002,24.40279997,0.07952286282306709,1.5358698227230154,Tuesday,35.22436030039765,-0.4466349672542087,-0.2598100144299931,26.2085001,27.6475870456713,24.769413154328696,25.15,25.549999,25.280001,3456450.0,0.38044814766595786,0.48999900000000096,1,0.19658910825049425,-2.3011516695809564,19.527469102414436,-0.5905658834624887,21.478907903882842
2023-06-07,25.1,25.254999,24.91,25.08,24.867996,1626600,25.246,25.613,25.683333333333337,26.1296155,26.148500050000003,25.915800020000002,24.40279997,-0.35756853396902155,1.0367291063283939,Wednesday,34.3191115325569,-0.4466349672542087,-0.2598100144299931,26.148500050000003,27.668451112567936,24.62854898743207,25.17,25.15,25.549999,3370610.0,0.4825832712773059,0.3449990000000014,0,0.19658910825049425,-2.3011516695809564,20.887094763237172,-0.5832061162979205,39.79808417535084
2023-06-08,24.99,25.16,24.809999,25.110001,24.897743,2711800,25.212,25.479,25.60333341666666,26.1296155,26.0915001,25.915800020000002,24.40279997,0.11962121212121257,0.9557826383075361,Thursday,34.919529139078804,-0.4466349672542087,-0.2598100144299931,26.0915001,27.676079180639892,24.50692101936011,25.08,25.17,25.15,3446430.0,0.7868431971634416,0.3500009999999989,1,0.19658910825049425,-2.3011516695809564,18.641330600489187,-0.557574475325554,33.150947299901595
2023-06-09,25.049999,25.16,24.85,25.1,24.887829,1874000,25.1220002,25.356,25.528333416666666,26.1296155,26.046500100000003,25.915800020000002,24.40279997,-0.03982875189849633,0.7033545620720724,Friday,34.80530648633621,-0.4466349672542087,-0.2598100144299931,26.046500100000003,27.688977161879883,24.404023038120123,25.110001,25.08,25.17,3419890.0,0.547970841167406,0.3099999999999987,0,0.19658910825049425,-2.3011516695809564,23.522840442008814,-0.5773627068097493,31.942801206154176
2023-06-12,25.01,25.200001,24.75,25.02,24.808504,2619800,25.0960002,25.2280001,25.409166666666664,26.057307807692307,25.9725001,25.915800020000002,24.40279997,-0.3187250996016022,0.22260226889505227,Monday,33.85143003747149,-0.45138121054150915,-0.2598100144299931,25.9725001,27.659341811009533,24.28565838899047,25.1,25.110001,25.08,3597460.0,0.7282360332012031,0.4500010000000003,0,0.19658910825049425,-2.4873680190180947,25.369329861065943,-0.5597474489428207,32.550409011493805
2023-06-13,24.99,25.219999,24.959999,25.129999,24.917574,2039800,25.088,25.168,25.309166583333333,26.00461546153846,25.854000050000003,25.915800020000002,24.40279997,0.43964428457234916,0.3292805755407579,Tuesday,36.43116077569267,-0.44118098279746576,-0.2598100144299931,25.854000050000003,27.423896970947936,24.28410312905207,25.02,25.1,25.110001,3167420.0,0.6439941655984998,0.26000000000000156,1,0.19658910825049425,-2.6743286369056873,21.25325405865504,-0.5734466304429797,23.301441220568666
2023-06-14,25.129999,25.49,25.120001,25.34,25.125799,2412000,25.14,25.193,25.229166666666668,25.959615461538462,25.7695,25.915800020000002,24.40279997,0.8356586086613049,0.4456122191870062,Wednesday,41.14982411451723,-0.41140943134218944,-0.2598100144299931,25.7695,27.256866421565853,24.28213357843415,25.129999,25.02,25.1,2773840.0,0.8695526778761572,0.36999899999999997,1,0.19658910825049425,-2.813788963684846,24.979008937567396,-0.5646555350044293,18.56809690992601
2023-06-15,25.4,25.950001,25.18,25.75,25.532333,1442900,25.267999800000002,25.2399999,25.230833333333333,25.939230807692304,25.69600005,25.915800020000002,24.40279997,1.6179952644041151,0.7628412944242398,Thursday,49.094664762650694,-0.3506891624659225,-0.2598100144299931,25.69600005,27.02638964767483,24.365610452325168,25.34,25.129999,25.02,2310860.0,0.6243995741845028,0.7700010000000006,1,0.19658910825049425,-2.730988746778472,15.324066024303697,-0.5875449777489192,36.791330032714825
2023-06-16,25.85,26.26,25.700001,26.25,26.028107,2333000,25.4979998,25.310000000000002,25.3275,25.939230807692304,25.6565,25.915800020000002,24.40279997,1.9417475728155331,0.9085785602165547,Friday,56.76094139888701,-0.25923380465727064,-0.2598100144299931,25.6565,26.86638054947636,24.44661945052364,25.75,25.34,25.129999,2311220.0,1.0094235944652608,0.5599990000000012,1,0.19658910825049425,-2.358322851697262,21.77361019482744,-0.5665214580018648,27.665113592289405
2023-06-20,25.950001,26.379999,25.940001,26.059999,25.839712,1487500,25.705999600000002,25.4009999,25.392499833333336,25.941538461538457,25.597999950000002,25.915800020000002,24.40279997,-0.7238133333333341,1.051589760343998,Tuesday,53.465844563727174,-0.19978329008175066,-0.2598100144299931,25.597999950000002,26.59173218717529,24.604267712824715,26.25,25.75,25.34,1986240.0,0.7489024488480748,0.4399980000000028,0,0.19658910825049425,-2.1164459040050336,16.977523014790574,-0.5864915579301139,23.168165042412728
2023-06-21,26.190001,26.700001,25.77,26.200001,25.978531,3605900,25.920000000000005,25.503999999999998,25.44666666666667,25.930000038461536,25.604499999999994,25.915800020000002,24.40279997,0.5372294910678921,1.0435887319584187,Wednesday,55.51509166195187,-0.13976026823389986,-0.2598100144299931,25.604499999999994,26.61210061532415,24.59689938467584,26.059999,26.25,25.75,2215330.0,1.6277033218527261,0.9300010000000007,1,0.19658910825049425,-1.863992946694742,10.649267330032972,-0.5364564784647055,18.703286428000414
2023-06-22,26.200001,26.6,26.198999,26.549999,26.325571,1130700,26.1619998,25.6509999,25.56333325,25.893461538461533,25.63199995,25.915800020000002,24.40279997,1.3358701780202153,1.066579997221524,Thursday,60.23020223128515,-0.06322090617949883,-0.2598100144299931,25.63199995,26.708913889366467,24.555086010633534,26.200001,26.059999,26.25,2165740.0,0.5220848301273467,0.40100100000000083,1,0.19658910825049425,-1.2749484574365202,20.494997881243997,-0.5949189164805565,23.630550186647636
2023-06-23,26.549999,26.74,26.27,26.48,26.256163,2793400,26.307999799999997,25.7879998,25.672499916666666,25.872307653846153,25.633499899999997,25.915800020000002,24.40279997,-0.26364972744442605,1.0997891791030114,Friday,58.8858862743223,-0.008117669171866737,-0.20947154537836782,25.633499899999997,26.71504060972921,24.551959190270782,26.549999,26.200001,26.059999,2173900.0,1.2849717098302589,0.46999999999999886,0,0.20135387620650108,-0.7722841729186992,11.481052759029243,-0.5556471422041523,24.179715113967497
2023-06-26,26.59,26.6,26.02,26.15,25.928951,2507300,26.2879998,25.892999800000002,25.761666583333334,25.831153846153843,25.6244999,25.915800020000002,24.40279997,-1.246223564954685,1.0239201826897226,Monday,52.8923060587228,0.008822105340343,-0.16581281523462565,25.6244999,26.685508052467064,24.563491747532936,26.48,26.549999,26.200001,2237230.0,1.1207162428538864,0.5800000000000018,0,0.17463492057496866,-0.2690056481191814,28.213446282980463,-0.5624046177682825,17.690150545013097
2023-06-27,26.02,26.07,25.190001,25.889999,25.67115,2904600,26.253999799999995,25.979999699999997,25.82666641666667,25.786923,25.603999899999998,25.915800020000002,24.40279997,-0.994267686424466,1.072925278919278,Tuesday,48.68756796632226,0.0012526511223818204,-0.13239972196322417,25.603999899999998,26.627178988528282,24.580820811471714,26.15,26.48,26.549999,2265710.0,1.2819822483901293,0.8799990000000015,0,0.13365237308560599,0.1541223691817245,17.53455181133166,-0.5530206784406736,14.510966794690118
2023-06-28,25.9,26.02,25.67,25.799999,25.581909,1807900,26.173999400000003,26.046999699999997,25.88499966666667,25.731922961538462,25.60749985,25.915800020000002,24.40279997,-0.3476245788962773,1.0070944350997302,Wednesday,47.286260011224115,-0.011871595357472842,-0.1082940966420739,25.60749985,26.632855579979466,24.582144120020534,25.889999,26.15,26.48,2242520.0,0.8061912491304425,0.34999999999999787,0,0.09642250128460106,0.5948902666816268,10.121793645142374,-0.5789239411151984,21.128400678381
2023-06-29,25.74,26.219999,25.709999,25.99,25.770304,1353900,26.0619996,26.111999700000002,25.965833000000003,25.72884603846154,25.652499849999998,25.915800020000002,24.40279997,0.7364380130402193,0.7712675047519362,Thursday,50.523763349902765,-0.0068620608860463506,-0.0880076894908684,25.652499849999998,26.661932575347123,24.643067124652873,25.799999,25.889999,26.15,2136710.0,0.633637695335352,0.5100000000000016,1,0.08114562860482205,0.9210944058050482,12.079363297690051,-0.5896470935308402,38.12225961234735
2023-06-30,26.040001,26.66,25.969999,26.42,26.196671,3936300,26.0499996,26.1789997,26.073333083333335,25.744999884615385,25.709499800000003,25.915800020000002,24.40279997,1.6544824932666513,1.2180271263796312,Friday,56.96546700413075,0.031442982484854554,-0.06411755509572381,25.709499800000003,26.756408901690047,24.66259069830996,25.99,25.799999,25.889999,2386050.0,1.6497139624064876,0.6900009999999988,1,0.09556053758057836,1.2753280255951902,17.703336780894567,-0.5286526688653045,32.32705756761687
2023-07-03,26.309999,26.6,25.799999,26.040001,25.819883,7558600,26.027999799999996,26.1579998,26.131666499999998,25.72923065384615,25.733999900000004,25.915800020000002,24.40279997,-1.4383005299015927,1.267622398333672,Monday,50.685125097916675,0.03078242122291286,-0.04513755983199648,25.733999900000004,26.787743585723234,24.680256214276774,26.42,25.99,25.799999,2908610.0,2.5986983473205414,0.8000010000000017,0,0.07591998105490934,1.5641192368637258,18.785998350712397,-0.4430965565411217,30.211917894424225
2023-07-05,25.91,26.25,25.620001,25.700001,25.482758,1990700,25.990000199999997,26.121999999999996,26.127499916666665,25.70499992307692,25.76149995,25.915800020000002,24.40279997,-1.3056835136066258,1.3300207893338112,Wednesday,45.81783394081644,0.0027915835251164367,-0.0355517311605739,25.76149995,26.780995292118742,24.74200460788126,26.040001,26.42,25.99,2958930.0,0.6727769835717641,0.6299990000000015,0,0.038343314685690334,1.6436490754876145,28.84532030439061,-0.5746063370148035,37.67185326300212
2023-07-06,25.549999,25.805,25.379999,25.620001,25.403433,4856900,25.9540006,26.064,26.075,25.678846153846152,25.784000000000002,25.915800020000002,24.40279997,-0.31128403458039466,1.328702123366445,Thursday,44.72941577282367,-0.025552139269738205,-0.033551812782406765,25.784000000000002,26.769583936558437,24.798416063441568,25.700001,26.040001,26.42,3084030.0,1.5748549787129178,0.4250009999999982,0,0.00799967351266856,1.5427244813899548,28.100408258083046,-0.5069087611255694,21.711472890918074
2023-07-07,25.620001,25.65,25.209999,25.219999,25.006813,1793700,25.8000004,25.931,26.005,25.65923073076923,25.790999949999996,25.915800020000002,24.40279997,-1.5612879952658698,1.3500529756383897,Friday,39.656760783030656,-0.07937655867573667,-0.04271676196107275,25.790999949999996,26.758303379334457,24.823696520665536,25.620001,25.700001,26.040001,3150330.0,0.5693689232556589,0.44000099999999875,0,-0.03665979671466393,1.3475433962100016,25.073055615019822,-0.5792593348691678,13.58228689399349
2023-07-10,25.309999,25.525,25.1,25.25,25.03656,2121200,25.5660004,25.808,25.92583325,25.66538457692308,25.7979999,25.915800020000002,24.40279997,0.11895718156054169,0.7544049739889255,Monday,40.204493771523936,-0.11824886950749658,-0.05782318347035752,25.7979999,26.747349257403258,24.848650542596744,25.219999,25.620001,25.700001,3083110.0,0.6880065907476541,0.42499999999999716,1,-0.06042568603713906,1.0147857800311326,25.282475881213344,-0.5715240211772677,19.21915706072628
2023-07-11,25.48,25.549999,25.004999,25.08,24.867996,1942600,25.3740002,25.701,25.80333333333333,25.65769223076923,25.796999899999996,25.915800020000002,24.40279997,-0.673267326732685,0.6928848700109821,Tuesday,38.09441134947627,-0.16091807178870354,-0.07844216113402673,25.796999899999996,26.74932558042764,24.84467421957235,25.25,25.219999,25.620001,3026640.0,0.6418338487563767,0.5449999999999982,0,-0.08247591065467681,0.5676313413310285,29.88609431980524,-0.5757424243081788,16.748379643060353
2023-07-12,25.27,25.370001,24.959999,25.25,25.03656,2320900,25.284,25.6370001,25.700833333333335,25.646153807692308,25.808499899999997,25.915800020000002,24.40279997,0.6778309409888328,0.844034418632662,Wednesday,41.40618957559874,-0.178953280735076,-0.09854438505423659,25.808499899999997,26.728005860177515,24.88899393982248,25.08,25.25,25.219999,2968270.0,0.7819032635171329,0.41000199999999865,1,-0.0804088956808394,0.2132075088180558,13.599040270629065,-0.5668072512710923,17.68663041465051
2023-07-13,25.42,25.5,24.879999,25.4,25.185291,2477900,25.2399998,25.5970002,25.638333333333332,25.655769192307694,25.821999950000002,25.915800020000002,24.40279997,0.5940594059405946,0.9453904884536862,Thursday,44.24068549379375,-0.17907826460206167,-0.11465116096380161,25.821999950000002,26.70860242281508,24.935397477184924,25.25,25.08,25.25,3035270.0,0.8163688897528062,0.6200009999999985,1,-0.06442710363826006,-0.0679607726576772,27.802017159018188,-0.5630990245546699,36.81277050685911
2023-07-14,25.530001,25.610001,24.719999,24.940001,24.729181,3830200,25.184000199999996,25.4920003,25.559166833333332,25.646923076923073,25.802,25.915800020000002,24.40279997,-1.8110196850393723,1.0392871818605975,Friday,38.14633745401298,-0.2138304854140678,-0.13448702585385486,25.802,26.747295505121027,24.856704494878972,25.4,25.25,25.08,3282900.0,1.1667123579761796,0.8900019999999991,0,-0.07934345956021294,-0.34217065075031733,17.30280679684569,-0.5311586743086957,39.88896760342097
2023-07-17,24.9,25.059999,24.74,24.889999,24.679602,1709200,25.112,25.339000199999997,25.4833335,25.639615346153846,25.758999949999996,25.915800020000002,24.40279997,-0.20048916597877886,1.023033380037263,Monday,37.540960400263934,-0.24260995772644378,-0.15611161222837266,25.758999949999996,26.784668483007717,24.733331416992275,24.940001,25.4,25.25,3060190.0,0.5585274116966593,0.3199990000000028,0,-0.08649834549807112,-0.6095327252141836,20.96453255470322,-0.5812551638980703,34.441783656410166
2023-07-18,24.75,25.030001,24.745001,24.809999,24.600279,1713500,25.057999799999997,25.216,25.385000083333335,25.62807680769231,25.6869999,25.873999999999995,24.40279997,-0.32141423549273407,1.001311462970926,Tuesday,36.54176612454334,-0.2687749578831351,-0.17864428135932517,25.6869999,26.765500832592263,24.608498967407737,24.889999,24.940001,25.4,2475680.0,0.6921330705099205,0.28500000000000014,0,-0.09013067652380993,-0.9484782107645899,19.68711086643347,-0.5811536010007415,36.68306502124045
2023-07-19,24.879999,25.040001,24.5,25.0,24.788673,2870800,25.0079998,25.1459999,25.266666750000002,25.624230653846155,25.633999949999996,25.843999999999998,24.40279997,0.7658242952770733,1.021436196735889,Wednesday,40.58641564862754,-0.27105486446876625,-0.1971263979812134,25.633999949999996,26.73785518942327,24.53014471057672,24.809999,24.889999,24.940001,2563690.0,1.1197921745608868,0.5400010000000002,1,-0.07392846648755286,-1.3954132269430015,14.233520265067092,-0.5538190100522346,36.99885748918192
2023-07-20,23.950001,24.615999,22.49,24.51,24.302816,36675600,24.829999800000003,25.0349998,25.139166666666668,25.60461526923077,25.5494999,25.803999999999995,24.40279997,-1.959999999999995,1.1579396563146505,Thursday,34.48240432241285,-0.3088404908310842,-0.21946921655118756,25.5494999,26.723611945591045,24.375387854408956,25.0,24.809999,24.889999,5745560.0,6.383294230675513,2.125999,0,-0.08937127427989666,-1.8178308780270354,26.255337468326154,0.24462597404531014,26.39823320319127
2023-07-21,24.65,24.879999,23.780001,24.01,23.807041,14585700,24.6439996,24.9139999,24.99833325,25.561538384615385,25.42249995,25.75859998,24.40279997,-2.0399836801305637,1.2156810593166274,Friday,29.59177974929196,-0.3748111041824025,-0.2505375940774306,25.42249995,26.682593377092537,24.16240652290746,24.51,25.0,24.809999,7024760.0,2.0763271627785147,1.099998000000003,0,-0.1242735101049719,-2.203330355712697,16.165985573365525,-0.2771215249553156,18.754750106401836
2023-07-24,23.17,24.41,23.120001,24.16,23.955774,22641600,24.497999800000002,24.804999900000002,24.8766665,25.51615376923077,25.30649995,25.71679998,24.40279997,0.6247396917950843,1.356951505799668,Monday,32.67666045817772,-0.41026031858378076,-0.28248213897870067,25.30649995,26.582874267589403,24.030125632410595,24.01,24.51,25.0,9076800.0,2.4944473823373876,1.2899990000000017,1,-0.1277781796050801,-2.5062055786868247,24.088939897505742,-0.08684697970164126,39.57532199718662
2023-07-25,24.34,25.120001,24.15,25.120001,24.90766,15018100,24.5600002,24.809,24.86833333333333,25.491923038461536,25.255,25.6992,24.40279997,3.9735140728476726,2.4696448803757103,Tuesday,48.2916251453201,-0.356777311991312,-0.297341173581223,25.255,26.472858909727243,24.037141090272755,24.16,24.01,24.51,10384350.0,1.4462243664745507,0.9700009999999999,1,-0.059436138410089046,-2.4462246500091487,11.146173331973884,-0.26690854895416255,12.116036734762625
2023-07-26,25.09,25.23,24.285,24.690001,24.481295,10716400,24.498000400000002,24.7530001,24.821666749999995,25.431923076923077,25.195000099999998,25.66300002,24.40279997,-1.7117833713461983,2.5915471791599667,Wednesday,43.432363616520284,-0.3451108274873391,-0.3068951043624462,25.195000099999998,26.39998159363465,23.990018606365346,25.120001,24.16,24.01,11223900.0,0.9547839877404467,0.9450000000000003,0,-0.03821572312489291,-2.399568153290101,15.737236950393275,-0.36851159905629033,24.728646874274606
2023-07-27,24.950001,25.0,23.959999,24.24,24.035097,11476200,24.4440004,24.6370001,24.75166675,25.36192311538462,25.11700015,25.59780002,24.40279997,-1.8226042194166014,2.569152319281232,Thursday,39.00863100369508,-0.3679350481467658,-0.3191030931193101,25.11700015,26.356695570497205,23.877304729502793,24.690001,25.120001,24.16,12123730.0,0.9465898696193333,1.0400010000000002,0,-0.04883195502745569,-2.406191212741428,29.721471403948772,-0.350565671291082,10.77894464934509
2023-07-28,24.23,24.43,24.049999,24.4,24.193745,13214600,24.522000400000003,24.583,24.68083341666667,25.29269230769231,25.03750015,25.5452,24.40279997,0.660066006600668,2.3596875281043936,Friday,41.298018732964834,-0.3688607475449288,-0.32905462400443386,25.03750015,26.246613805121697,23.828386494878302,24.24,24.690001,25.120001,13062170.0,1.0116695771070197,0.38000100000000003,1,-0.03980612354049495,-2.4191133295823746,11.997743086538906,-0.30950591763612256,17.228690221351787
2023-07-31,24.01,24.08,23.495001,23.68,23.479832,14630700,24.4260004,24.4620001,24.537500083333338,25.18230773076923,24.90050015,25.474400020000004,24.40279997,-2.950819672131144,2.7612597561340557,Monday,34.94186679420508,-0.42281836675950046,-0.3478073725554472,24.90050015,26.072327780414025,23.728672519585974,24.4,24.24,24.690001,14354320.0,1.0192541339471324,0.5849989999999998,0,-0.07501099420405327,-2.560558207491164,14.432358458482831,-0.27605865742513086,17.004459538826467
2023-08-01,23.51,23.77,23.379999,23.65,23.450085,14685500,24.1320002,24.3460002,24.430000000000003,25.073461576923076,24.7810001,25.406599999999997,24.40279997,-0.1266891891891886,1.442766902678797,Tuesday,34.702206775936034,-0.46266757421525284,-0.37077941288740834,24.7810001,25.951092675483498,23.610907524516502,23.68,24.4,24.24,15651520.0,0.9382794770092617,0.39000099999999804,0,-0.0918881613278445,-2.5663053142821632,19.638329835390905,-0.27476432096615033,11.19587786724825
2023-08-02,23.549999,23.92,23.370001,23.9,23.697971,16233200,23.973999999999997,24.2360002,24.34750008333333,24.98692311538462,24.69100005,25.34,24.40279997,1.0570824524312794,1.7008917305660238,Wednesday,38.48845889651573,-0.46867287835619464,-0.3903581059811656,24.69100005,25.841233201844194,23.540766898155805,23.65,23.68,24.4,16987760.0,0.9555821367855444,0.5499990000000032,1,-0.07831477237502904,-2.5590306941697563,14.283851795322931,-0.2382087637113294,16.755659925546222
2023-08-03,24.030001,24.434999,23.75,23.99,23.78721,16111000,23.924,24.1840002,24.279166833333335,24.91384623076923,24.6095,25.2984,24.40279997,0.3765690376569042,1.598806780281673,Thursday,39.840842677533004,-0.4608574000807941,-0.4044579648010913,24.6095,25.715003926723575,23.503996073276426,23.9,23.65,23.68,14931300.0,1.0790085257144388,0.6849990000000012,1,-0.056399435279702814,-2.5474966472742007,19.48783929719817,-0.24109503953774222,18.820988797925914
2023-08-04,24.02,24.02,23.27,23.530001,23.3311,20999100,23.7500002,24.1360003,24.15666691666667,24.826538615384614,24.5250001,25.249000019999997,24.40279997,-1.9174614422676095,1.6675336940942944,Friday,35.53994457394923,-0.4861773028555554,-0.42080183241198416,24.5250001,25.687798367973084,23.362201832026916,23.99,23.9,23.65,15572640.0,1.3484611472428567,0.75,0,-0.06537547044357123,-2.6982081920305863,15.384828325760342,-0.12564164455338472,34.09137532221148
2023-08-07,23.67,23.676001,23.32,23.540001,23.341015,15379100,23.7220004,24.0740004,24.075833666666664,24.732307884615384,24.439500149999997,25.19080002,24.40279997,0.04249893572041419,1.1055787395539107,Monday,35.70244439843927,-0.4996766306379996,-0.43657679205718725,24.439500149999997,25.627683014967065,23.25131728503293,23.530001,23.99,23.9,14846390.0,1.0358814499686455,0.3560009999999991,1,-0.06309983858081236,-2.6543184769144674,28.40930927264702,-0.258381989434236,18.259914817871767
2023-08-08,23.549999,23.549999,23.209999,23.379999,23.182365,20150600,23.6680002,23.9000002,24.02333358333333,24.61538476923077,24.3545001,25.1318,24.40279997,-0.6797026049404131,1.1344991644741849,Tuesday,34.21615453782343,-0.5173223987793669,-0.4527259134016232,24.3545001,25.589546258004468,23.11945394199553,23.540001,23.530001,23.99,15359640.0,1.3119187689294802,0.33999999999999986,0,-0.0645964853777437,-2.405207927675798,17.289310468954778,-0.14568260231697944,22.980170505786116
2023-08-09,23.299999,23.440001,23.059999,23.35,23.15262,40849100,23.558000200000002,23.7660001,23.955833583333334,24.51192319230769,24.2595001,25.07280002,24.40279997,-0.12831052730156722,0.899281063248871,Wednesday,33.930942704997804,-0.5276451014681385,-0.4677097510149263,24.2595001,25.496698179695244,23.022302020304757,23.379999,23.540001,23.530001,18372910.0,2.223333157349598,0.3800019999999975,0,-0.05993535045321219,-2.2686494430142012,12.608825155533562,0.3432010326503338,15.975573535818935
2023-08-10,23.75,23.889999,23.110001,23.370001,23.172453,51365500,23.434000400000002,23.6790002,23.81000025,24.42230780769231,24.15800015,25.02560004,24.40279997,0.08565738758028463,0.8389053184260505,Thursday,34.324015104849295,-0.5281241180879093,-0.4797926244295229,24.15800015,25.33594066394871,22.98005963605129,23.35,23.379999,23.540001,22361840.0,2.297015809074745,0.7799979999999991,1,-0.04833149365838635,-2.5071650169745587,22.69758024656123,0.5915908125266656,39.23551951778421
2023-08-11,23.299999,23.799999,23.25,23.719999,23.519493,46062600,23.472,23.611000100000002,23.72916675,24.349230807692308,24.09700005,24.99820002,24.40279997,1.4976379333488277,0.80572463597707,Friday,40.945096687362124,-0.4945608391650751,-0.4827462673766334,24.09700005,25.232219738519287,22.96178036148071,23.370001,23.35,23.379999,25646640.0,1.796048137299857,0.5499989999999997,1,-0.011814571788441697,-2.5465447454562673,20.75863902727266,0.4663401408418495,37.8487618974978
2023-08-14,23.6,23.700001,22.85,22.940001,22.746088,89481200,23.352,23.5370002,23.6208335,24.261538576923076,23.999500149999996,24.95140002,24.40279997,-3.288355956507427,1.7520625512683752,Monday,32.96825585151234,-0.5248508646339083,-0.4911671868280884,23.999500149999996,25.179609768892135,22.819390531107857,23.719999,23.370001,23.35,33131690.0,2.7007737908932508,0.8500009999999989,0,-0.03368367780581988,-2.6408262398185163,23.637004761771347,1.4918561440880647,21.184767878808852
2023-08-15,22.92,23.77,22.639999,23.26,23.063381,105996500,23.3280002,23.4980002,23.5258335,24.185000115384614,23.9220002,24.90560004,24.40279997,1.3949389104211507,1.9356791477007784,Tuesday,38.28064881649125,-0.5170741738800437,-0.4963485842384795,23.9220002,25.08244156465462,22.76155883534538,22.940001,23.719999,23.370001,42262790.0,2.508033662708969,1.130001,1,-0.020725589641564235,-2.7255183470737423,14.676116500101132,1.8819356134494034,22.975217264675603
2023-08-16,23.49,23.549999,22.809999,22.93,22.736172,86179200,23.2440002,23.4010002,23.463333499999994,24.10230780769231,23.8185002,24.86120004,24.40279997,-1.4187446259673386,2.026353656797003,Wednesday,35.183915252965065,-0.5314135281454782,-0.5033615730198793,23.8185002,24.944631331974193,22.692369068025805,23.26,22.940001,23.719999,49257390.0,1.7495689479284224,0.7399999999999984,0,-0.028051955125598882,-2.6510918074342458,26.794746379643,1.4138652866509525,30.09948408312237
2023-08-17,23.120001,23.290001,22.549999,22.780001,22.58744,71709300,23.1260002,23.2800003,23.390833583333333,24.007307846153846,23.73200025,24.813400060000003,24.40279997,-0.6541604884430896,2.013947661657803,Thursday,33.84373877051324,-0.5485578025341162,-0.5124008189227267,23.73200025,24.897463284163496,22.5665372158365,22.93,23.26,22.940001,54817220.0,1.3081528030790324,0.7400020000000005,0,-0.036156983611389526,-2.5678608645795236,17.595034675454755,1.072096689428278,21.858748392539816
2023-08-18,22.959999,23.0,22.360001,22.870001,22.67668,93530500,22.9560006,23.214000300000002,23.305000333333336,23.91000019230769,23.6750003,24.769200079999997,24.40279997,0.3950833891534833,1.7892207333677503,Friday,35.432899912024226,-0.54855906819434,-0.5196324687770494,23.6750003,24.89091965423435,22.459080945765653,22.780001,22.93,23.26,62070360.0,1.5068464239614527,0.6399989999999995,1,-0.028926599417290588,-2.5303214308170356,25.79560522096518,1.5874976883097784,25.474371072386724
2023-08-21,23.17,23.690001,22.809999,22.9,22.706425,178017500,22.948000399999998,23.1500002,23.214167,23.831538615384616,23.6120003,24.72500006,24.40279997,0.13117183510398256,1.0671586705585963,Monday,35.98488641169246,-0.5399155917948661,-0.5236890933806128,23.6120003,24.85121941993064,22.372781180069357,22.870001,22.780001,22.93,78334200.0,2.2725386868060182,0.8800019999999975,1,-0.016226498414253387,-2.5905654911683627,18.092356694006725,3.5830196665924263,19.313593512191925
2023-08-22,23.24,23.82,23.120001,23.74,23.539324,90558800,23.044000399999998,23.186000299999996,23.23166691666667,23.787307884615384,23.54300025,24.69780006,24.40279997,3.6681222707423577,1.9473733061393363,Tuesday,49.10528557852057,-0.45998220610530893,-0.510947715925552,23.54300025,24.575029107155448,22.51097139284455,22.9,22.870001,22.780001,85375020.0,1.0607177603003783,0.6999990000000018,1,0.05096550982024306,-2.3358715943979527,27.500202910073412,1.5173082785442222,36.94296186679029
2023-08-23,23.85,24.049999,23.620001,23.620001,23.42034,119406800,23.1820006,23.2130004,23.238333583333333,23.74153873076923,23.48950025,24.66980008,24.40279997,-0.5054717775905604,1.7656379774361795,Wednesday,47.60424231798368,-0.40168694146414197,-0.48909556103327,23.48950025,24.379274514070154,22.599725985929844,23.74,22.9,22.870001,93230790.0,1.2807657212815637,0.4299980000000012,0,0.08740861956912804,-2.1195136218518886,17.96327863275195,2.1986772232279943,33.014106953105006
2023-08-24,23.959999,24.1,23.139999,23.66,23.460001,372341300,23.358000399999998,23.242000299999997,23.261667,23.690000269230765,23.460500250000003,24.6404001,24.40279997,0.16934376929111927,1.6534342395177946,Thursday,48.172935172968,-0.34824558094511815,-0.46092556501563964,23.460500250000003,24.286029352455866,22.63497114754414,23.620001,23.74,22.9,125328370.0,2.970925896506912,0.9600010000000019,1,0.11267998407052149,-1.8080762531146832,14.002216406063486,8.172807607972777,32.33847112841411
2023-08-25,23.200001,23.290001,22.82,22.969999,22.969999,86974600,23.377999999999997,23.167000299999998,23.23000025,23.63076946153846,23.389000199999998,24.593000080000003,24.40279997,-2.9163186813186748,2.35592934450824,Friday,40.08947527003983,-0.3574497733482147,-0.4402304066821547,23.389000199999998,24.118819088219446,22.65918131178055,23.66,23.620001,23.74,129419570.0,0.6720359216152549,0.4700009999999999,0,0.08278063333393998,-1.695963443724309,12.414986329602725,1.432652060728929,39.620143682121196
2023-08-28,22.92,23.200001,22.610001,22.969999,22.969999,39395000,23.3919998,23.1700001,23.196666750000002,23.590769423076924,23.353500150000002,24.53740006,24.40279997,0.0,2.3563561613492374,Monday,40.089475270039834,-0.36058753351191797,-0.42430183204810734,23.353500150000002,24.092263183592063,22.61473711640794,22.969999,23.66,23.620001,124410950.0,0.3166521917885845,0.5899999999999999,0,0.06371429853618937,-1.6705799883381671,24.246343519951445,0.30885623985829713,26.45770413820362
2023-08-29,22.73,23.125,22.57,22.860001,22.860001,59445800,23.216,23.1300002,23.12500025,23.540769461538464,23.3140002,24.46960008,24.40279997,-0.47887681666856086,1.2483851233669534,Tuesday,38.8831617720511,-0.3677114022041401,-0.41298374607931393,23.3140002,24.069417757118096,22.558582642881902,22.969999,22.969999,23.66,119755880.0,0.49639149242609215,0.5549999999999997,0,0.045272343875173815,-1.766166616676481,28.43424739442078,0.7824416681744845,32.981739179729885
2023-08-30,22.84,23.139999,22.65,23.07,23.07,36094000,23.1059998,23.1440002,23.1358335,23.46192326923077,23.272500200000003,24.409800100000002,24.40279997,0.9186307559654106,1.4613472988267138,Wednesday,42.44388647304543,-0.3523502804991381,-0.4008570529632788,23.272500200000003,23.984535839559058,22.56046456044095,22.860001,22.969999,22.969999,114747360.0,0.3145518990589413,0.48999900000000096,1,0.0485067724641407,-1.3898680235580732,11.269472035848267,0.23088900169963344,15.919499433332355
2023-08-31,23.09,23.33,23.01,23.049999,23.049999,36119700,22.9839996,23.171,23.11833341666667,23.39884626923077,23.22550015,24.346800059999996,24.40279997,-0.08669700910273193,1.4380172402294265,Thursday,42.19175660745133,-0.33789534719181447,-0.3882647118089859,23.22550015,23.861973949462744,22.589026350537253,23.07,22.860001,22.969999,111188400.0,0.3248513334124783,0.31999999999999673,0,0.05036936461717145,-1.1988319822972313,29.940048038960953,0.23149601715576118,38.11488795166823
2023-09-01,23.200001,23.33,22.870001,22.959999,22.959999,27565400,22.9819996,23.179999799999997,23.120833333333334,23.34961546153846,23.19700005,24.275000060000004,24.40279997,-0.3904555483928651,0.555179621086206,Friday,41.011199228857194,-0.3298990849459962,-0.37659158643638796,23.19700005,23.82739983839037,22.56660026160963,23.049999,23.07,22.860001,104591890.0,0.2635519828545024,0.4599989999999998,0,0.04669250149039178,-0.9798111175833962,21.350533366571316,0.029449623523329478,18.15976065819634
2023-09-05,22.92,22.98,22.59,22.610001,22.610001,28465000,22.91,23.1509999,23.106666666666666,23.280769346153843,23.150500049999998,24.19760008,24.40279997,-1.5243815994939736,0.8759402304391077,Tuesday,36.70944984402114,-0.3477947417625664,-0.37083221750162365,23.150500049999998,23.809391952972426,22.49160814702757,22.959999,23.049999,23.07,89636640.0,0.3175598728377146,0.39000000000000057,0,0.023037475739057234,-0.7478390292799333,20.924392588331305,0.0506975264156451,23.651339186253658
2023-09-06,22.66,22.709999,22.299999,22.379999,22.379999,24727700,22.8139996,23.014999800000002,23.065833166666664,23.230769307692306,23.10050005,24.12220006,24.40279997,-1.0172578055171244,0.9327743105291931,Wednesday,34.17272707195713,-0.376199820558881,-0.37190573811307515,23.10050005,23.830115674697435,22.370884425302567,22.610001,22.959999,23.049999,83053530.0,0.29773207713145966,0.41000000000000014,0,-0.004294082445805869,-0.7099900086865707,11.933823189952129,-0.037574802930121,37.85456894972153
2023-09-07,22.440001,22.58,20.959999,20.99,20.99,102648300,22.3979996,22.751999700000002,22.9066665,23.128461615384616,22.98250005,24.02420008,24.40279997,-6.210898400844444,2.5028157500785064,Thursday,23.571604835519253,-0.5050504455923566,-0.39853467960893146,22.98250005,24.146559759380338,21.81844034061966,22.379999,22.610001,22.959999,81377680.0,1.2613814992022383,1.6200009999999985,0,-0.1065157659834251,-0.9589704627699142,11.084063752325118,1.8028535453479682,20.777435046968314
2023-09-08,20.860001,21.43,20.375,21.299999,21.299999,59635700,22.0479996,22.5159996,22.703333083333334,23.02846157692308,22.87899995,23.93420008,24.40279997,1.4768889947594177,2.8510365254311645,Friday,28.871262226917935,-0.575516964401011,-0.4339311365673474,22.87899995,24.238527987078545,21.519471912921457,20.99,22.379999,22.610001,50107120.0,1.1901641922345567,1.0549999999999997,1,-0.14158582783366358,-1.4118550321032177,18.71825708580579,0.7869269691518642,16.3086336523654
2023-09-11,22.129999,22.18,21.6,22.07,22.07,42830600,21.869999800000002,22.4259997,22.574166333333334,22.95461542307692,22.7965,23.855800080000005,24.40279997,3.615028338733728,3.6913213824295723,Monday,40.000304242353494,-0.5627425963519386,-0.45969342852426565,22.7965,24.142060039538357,21.450939960461646,21.299999,20.99,22.379999,45692720.0,0.9373615753231587,0.5799999999999983,1,-0.10304916782767293,-1.6573969231525845,23.12224072929834,0.39000263289613574,30.95872377882273
2023-09-12,22.08,22.120001,21.01,21.059999,21.059999,43697200,21.5599994,22.2349997,22.357499583333336,22.85961534615385,22.7024999,23.748600059999998,24.40279997,-4.576352514725867,4.086285877568522,Tuesday,32.75979580250899,-0.6268910476371161,-0.4931329523468358,22.7024999,24.243329670611413,21.161670129388586,22.07,21.299999,20.99,46122940.0,0.9474070820290293,1.110000999999997,0,-0.13375809529028032,-2.1965188618320033,29.420407445269525,0.41047109959964917,20.522463423914655
2023-09-13,21.09,21.91,21.08,21.6,21.6,35434500,21.4039996,22.108999599999997,22.243333000000003,22.78499992307692,22.6194999,23.65980004,24.40279997,2.5641074341931303,4.454818283992771,Wednesday,39.1063132983754,-0.6269287453945935,-0.5198921109563874,22.6194999,24.209323888875005,21.029675911124997,21.059999,22.07,21.299999,43721810.0,0.8104536385844959,0.8300000000000018,1,-0.1070366344382061,-2.3772961373956845,26.785389181399083,0.21531208756281467,26.45221662522573
2023-09-14,21.83,21.83,21.495001,21.74,21.74,22195700,21.5539996,21.9759996,22.140833083333334,22.721923038461536,22.5599999,23.580600020000002,24.40279997,0.648148148148131,3.178366219426866,Thursday,40.66982186540482,-0.6086457023795759,-0.5376428292410251,22.5599999,24.18751373035673,20.93248606964327,21.6,21.059999,22.07,42331980.0,0.5243246358899347,0.3349989999999998,1,-0.0710028731385508,-2.557397778984588,14.180171986067425,-0.09737881596184973,14.096246635038368
2023-09-15,21.719999,21.870001,21.200001,21.219999,21.219999,32263700,21.5379996,21.792999599999998,22.00416625,22.63999992307692,22.4819998,23.49259998,24.40279997,-2.391908923643038,3.417726896339319,Friday,36.881891321683156,-0.628866808822174,-0.555887625157255,22.4819998,24.206501348622766,20.757498251377235,21.74,21.6,21.059999,41946380.0,0.7691653010343205,0.6699999999999982,0,-0.07297918366491907,-2.8084526291398784,14.048973883200524,0.14042007945815219,27.71962095665804
2023-09-18,21.35,21.35,20.83,21.08,21.08,18035300,21.3399996,21.6049997,21.83833291666667,22.551922961538462,22.39249975,23.4098,24.40279997,-0.6597502667177513,2.7474744576335355,Monday,35.912105037232905,-0.6487109941111342,-0.5744522989480308,22.39249975,24.210431612585072,20.574567887414926,21.219999,21.74,21.6,40993370.0,0.43995651004052605,0.5200000000000031,0,-0.07425869516310335,-3.164209305294262,21.367875166308558,-0.19564446201919736,39.65228730372534
2023-09-19,20.91,21.1,20.690001,21.059999,21.059999,21142800,21.3399996,21.4499995,21.672499583333334,22.44961526923077,22.3004997,23.325999980000002,24.40279997,-0.0948814041745627,1.813793018676838,Tuesday,35.767407288702785,-0.6584612362137534,-0.5912540864011754,22.3004997,24.191166399659707,20.409833000340292,21.08,21.219999,21.74,40261150.0,0.5251414825458289,0.40999900000000267,0,-0.06720714981257803,-3.4615991257656096,25.895810599310597,-0.12224755424032807,18.721976116513886
2023-09-20,21.25,21.4,20.879999,20.889999,20.889999,15623200,21.1979994,21.3009995,21.499999583333334,22.37076903846154,22.15799965,23.242199959999997,24.40279997,-0.807217512213565,1.1238089126479038,Wednesday,34.49518984689398,-0.6721577365937144,-0.6074348164396832,22.15799965,24.022635200021025,20.293364099978977,21.059999,21.08,21.219999,39350700.0,0.39702470349955654,0.520000999999997,0,-0.06472292015403114,-3.8924430967532277,15.857239030548929,-0.25261652356494496,34.5511625593509
2023-09-21,20.92,21.26,20.709999,20.84,20.84,20599600,21.0179994,21.2859995,21.352499499999997,22.277692115384617,22.0189996,23.153999959999997,24.40279997,-0.23934419527736894,0.9162376284404996,Thursday,34.11089542069159,-0.6792172199501643,-0.6217912971417795,22.0189996,23.840953689652608,20.197045510347394,20.889999,21.059999,21.08,31145830.0,0.6613919102493014,0.5500010000000017,0,-0.057425922808384766,-4.153000277554322,29.1563676071592,-0.13507754629358046,38.862504596549286
2023-09-22,20.950001,21.025,20.5,20.549999,20.549999,14865900,20.8839994,21.2109995,21.1999995,22.18615361538461,21.86349955,23.05699994,24.40279997,-1.3915595009596937,0.5125578762759817,Friday,31.89164969742494,-0.7001417699308554,-0.6374613916995947,21.86349955,23.62866575537611,20.09833334462389,20.84,20.889999,21.059999,26668850.0,0.5574256107781176,0.5249999999999986,0,-0.06268037823126071,-4.444907992978013,19.670206786300557,-0.2705034031340319,28.434719819398985
2023-09-25,20.51,20.85,20.469999,20.83,20.83,16272000,20.8339994,21.0869995,21.186666166666665,22.111153576923076,21.7564996,22.974799919999995,24.40279997,1.362535346108773,1.0291780611737011,Monday,36.20713041466827,-0.6862205624236388,-0.6472132258444036,21.7564996,23.499706940737724,20.01329225926228,20.549999,20.84,20.889999,24012990.0,0.6776332310137139,0.38000100000000003,1,-0.039007336579235274,-4.181090810301631,22.82073671987639,-0.23729233570752567,20.240535679059022
2023-09-26,20.59,20.85,20.48,20.639999,20.639999,23574200,20.7499994,21.0449995,21.131666166666665,22.02538426923077,21.6399996,22.88979992,24.40279997,-0.9121507441190557,1.0657891192220181,Tuesday,34.60482089544226,-0.6826502310442137,-0.6543006268843656,21.6399996,23.35443285679418,19.92556634320582,20.83,20.549999,20.84,22000690.0,1.0715209386614692,0.370000000000001,0,-0.028349604159848107,-4.057673144947666,25.546172849862526,-0.06481964062052348,11.575208267236876
2023-09-27,20.709999,20.799999,20.040001,20.219999,20.219999,25270500,20.6159994,20.906999399999997,20.977499416666667,21.92230730769231,21.507999500000004,22.797999920000002,24.33599996,-2.0348838195195507,1.2995416516302216,Wednesday,31.30669234544473,-0.70557774656125,-0.6645560508197426,21.507999500000004,23.232871942820502,19.783127057179506,20.639999,20.83,20.549999,20984290.0,1.204258042564223,0.7599979999999995,0,-0.04102169574150749,-4.309801325949482,17.999998843457554,-0.02475425858824803,16.366346341241606
2023-09-28,20.120001,20.280001,19.950001,20.110001,20.110001,32556800,20.4699996,20.7439995,20.898332916666668,21.782691961538465,21.359999549999998,22.70019994,24.27209997,-0.5440059616224513,1.2829149395899921,Thursday,30.487156277073666,-0.7242748969343005,-0.6764998200426542,21.359999549999998,23.030472492612944,19.68952660738705,20.219999,20.639999,20.83,22020400.0,1.478483587945723,0.3299999999999983,0,-0.047775076891646284,-4.059916223547131,17.66041708066168,0.1473428899714222,15.505829444182634
2023-09-29,20.27,20.325001,20.02,20.08,20.08,27974000,20.3759998,20.629999599999998,20.77166625,21.646538076923076,21.211499600000003,22.61159994,24.20779997,-0.14918447791226752,1.2359104102124614,Friday,30.254530982141716,-0.7330630586575246,-0.6878124677656283,21.211499600000003,22.77953373636373,19.643465463636275,20.110001,20.219999,20.639999,21591430.0,1.2956066365219905,0.30500100000000074,0,-0.045250590891896314,-4.041624687578837,19.953864400720516,0.03910046069740703,35.93789844833172
2023-10-02,20.24,20.48,20.135,20.32,20.32,25296300,20.2739998,20.553999599999997,20.653332916666667,21.51807653846154,21.07949965,22.53779994,24.148199960000003,1.195219123505975,1.1751497390272185,Monday,34.556494920224594,-0.7124490764331846,-0.6927397894991396,21.07949965,22.47109563397017,19.68790366602983,20.08,20.110001,20.219999,22317530.0,1.133472207721912,0.34499999999999886,1,-0.019709286934044945,-4.018684570850114,12.019310982211406,-0.02414488120427544,34.79099286270628
2023-10-03,20.389999,20.59,19.91,19.99,19.99,24924500,20.144,20.4469997,20.550833,21.403461192307695,20.9484996,22.45439994,24.08559996,-1.6240157480315043,1.2778653882161397,Tuesday,31.66441910885655,-0.7145042290900889,-0.6970926774173295,20.9484996,22.227878492745056,19.669120707254947,20.32,20.08,20.110001,22695700.0,1.0982036244751208,0.6799999999999997,0,-0.01741155167275943,-3.983599590023902,14.474084539525908,-0.03292652893144635,28.97844421022744
2023-10-04,19.92,19.99,19.549999,19.73,19.73,19610400,20.0460002,20.3309998,20.438333,21.278845846153846,20.815999650000002,22.34659992,24.02289996,-1.3006503251625667,1.107026567227823,Wednesday,29.564987286337242,-0.7287126338316519,-0.703416668700194,20.815999650000002,22.021692626176574,19.61030667382343,19.99,20.32,20.08,23094420.0,0.8491401819140727,0.44000099999999875,0,-0.02529596513145782,-3.949992646362297,22.460163485633608,-0.15844173653488616,17.946474844084022
2023-10-05,19.809999,19.905001,19.58,19.76,19.76,18014900,19.976000000000003,20.2229998,20.32999975,21.15961503846154,20.75449965,22.2479999,23.95549996,0.1520527116066983,1.1409237917633512,Thursday,30.14054388957983,-0.7291469949957659,-0.7085627339593085,20.75449965,22.04117691357526,19.46782238642474,19.73,19.99,20.32,22835950.0,0.7888833177511774,0.3250010000000003,1,-0.020584261036457385,-3.920748496385966,23.25589508583295,-0.19612629529954778,10.173185357992713
2023-10-06,19.67,20.26,19.389999,20.07,20.07,25090300,19.974,20.1749999,20.2616665,21.04423042307692,20.6929997,22.164599900000002,23.88119996,1.5688259109311709,1.4354430721961904,Friday,35.96360614298641,-0.6964485942554468,-0.7061399060185362,20.6929997,21.98706440131963,19.398934998680375,19.76,19.73,19.99,23858390.0,1.0516342469043385,0.870001000000002,1,0.00969131176308935,-3.718662585155732,27.455945267281166,-0.029010452564676752,22.936697553980334
2023-10-09,19.870001,20.125,19.67,19.870001,19.870001,16032800,19.8840002,20.079,20.18083325,20.921922807692305,20.58299975,22.073999920000002,23.80959996,-0.9965072247135165,1.3074995699167513,Monday,33.99485750019683,-0.678847789182484,-0.7006814826513258,20.58299975,21.75877307084113,19.407226429158868,20.07,19.76,19.73,23834470.0,0.6726728137860838,0.4549999999999983,0,0.021833693468841786,-3.5421675364361396,12.340589453313132,-0.24294206711241884,27.715428838087522
2023-10-10,19.92,20.08,19.629999,19.690001,19.690001,13937900,19.8240004,19.9840002,20.10916675,20.796153653846154,20.51449985,21.994199939999998,23.73429998,-0.9058882281888114,1.1779560974155774,Tuesday,32.28201646905961,-0.6716808018554339,-0.6948813464921475,20.51449985,21.73008927632862,19.29891042367138,19.870001,20.07,19.76,22870840.0,0.6094179313046657,0.45000099999999676,0,0.023200544636713616,-3.303432525461743,28.925838319920537,-0.29242209353428633,31.767465288280093
2023-10-11,19.83,19.879999,19.360001,19.57,19.57,20414700,19.7920004,19.9190003,20.00416675,20.67923053846154,20.41299985,21.91259994,23.659599970000002,-0.6094514672701057,1.0658681694021044,Wednesday,31.15500408352156,-0.6679838881165132,-0.6895018548170206,20.41299985,21.587394388305572,19.238605311694425,19.690001,19.870001,20.07,22385260.0,0.9119706449690556,0.5199980000000011,0,0.02151796670050743,-3.2644531294623387,25.45165838426382,-0.13944475087871736,38.81785706893761
2023-10-12,19.6,19.719999,19.235001,19.32,19.32,14461500,19.704000399999998,19.8400002,19.894166833333333,20.56153826923077,20.29199985,21.820999939999997,23.58049997,-1.2774655084312747,1.1502295434871337,Thursday,28.89199937394781,-0.6774181136701642,-0.6870851065876494,20.29199985,21.390809381448456,19.193190318551544,19.57,19.690001,19.870001,20575730.0,0.7028426208936451,0.48499800000000093,0,0.009666992917485184,-3.245727178380043,16.700626374804788,-0.2800550393386255,24.06077586954932
2023-10-13,19.379999,19.49,19.25,19.370001,19.370001,16410700,19.5640006,19.7690003,19.823333666666667,20.499230615384615,20.19949995,21.728599959999997,23.513499980000002,0.2588043478260804,0.5897227263369246,Friday,29.98736084066971,-0.6731010526233661,-0.6842882957947928,20.19949995,21.281598536914366,19.117401363085634,19.32,19.57,19.690001,19419400.0,0.8450673038301905,0.23999999999999844,1,0.01118724317142672,-3.297182032825611,27.77657026607234,-0.23401634178671177,18.003791861095138
2023-10-16,19.370001,19.719999,19.094999,19.540001,19.540001,15272000,19.4980006,19.6910004,19.775833666666667,20.431538384615386,20.1225,21.64879996,23.44889999,0.8776457987792696,0.88211707295153,Monday,33.72537697957941,-0.6484868190097934,-0.677128000437793,20.1225,21.161322933902735,19.083677066097263,19.370001,19.32,19.57,18416970.0,0.8292352107865735,0.625,1,0.02864118142799954,-3.209277273229969,16.60656593301856,-0.2609116141560757,34.968415702925974
2023-10-17,19.290001,19.9,19.01,19.780001,19.780001,18750100,19.5160006,19.6700005,19.75083375,20.343461499999997,20.0585001,21.573599960000003,23.38219999,1.2282496812564103,1.0372479264260572,Tuesday,38.70118701501827,-0.6026667007198476,-0.662235740494204,20.0585001,21.012674809999307,19.104325390000692,19.540001,19.370001,19.32,17799530.0,1.0534042191001673,0.889999999999997,1,0.05956903977435635,-2.913111664895352,12.603933510277423,-0.1787614017841738,18.293912068063207
2023-10-18,19.790001,20.08,19.690001,20.059999,20.059999,18294200,19.6140004,19.7030004,19.729167,20.30499996153846,20.0170001,21.507199959999998,23.31949998,1.415561101336671,1.0872871620783442,Wednesday,43.985020000439526,-0.5375637282622563,-0.6373013380478145,20.0170001,20.891804502367908,19.142195697632093,19.780001,19.540001,19.370001,17667910.0,1.035447882630147,0.38999899999999954,1,0.09973760978555823,-2.835917077710894,20.613304314831776,-0.18952943082886775,17.75663728676157
2023-10-19,20.049999,20.209,19.82,19.84,19.84,18831500,19.7180004,19.7110004,19.716667,20.237307653846152,19.9670001,21.43699996,23.25489999,-1.096704940015203,1.0139180841826012,Thursday,40.99497256657732,-0.4979808213138597,-0.6094372347010236,19.9670001,20.758254030418218,19.17574616958178,20.059999,19.780001,19.540001,17749570.0,1.06095527948001,0.38899999999999935,0,0.11145641338716394,-2.5726774665463057,25.55429082442579,-0.1768387925184618,12.642161917053107
2023-10-20,19.870001,20.030001,19.719999,19.74,19.74,24056500,19.7920002,19.6780004,19.71750033333333,20.160384576923075,19.92650015,21.364399940000002,23.19499999,-0.504032258064524,1.118218484017216,Friday,39.67473732631557,-0.46927078514273646,-0.5814039447893662,19.92650015,20.676066734235206,19.17693356576479,19.84,20.059999,19.780001,17646190.0,1.3632687849331782,0.3100019999999972,0,0.11213315964662973,-2.196804539615281,12.135889009924911,-0.053428062624787796,19.483560899545026
2023-10-23,19.52,19.805,19.424999,19.68,19.68,19716500,19.82,19.6590003,19.710833666666666,20.101153846153846,19.869000149999998,21.28359996,23.140899989999998,-0.3039513677811523,1.1126934503121184,Monday,38.86596531527019,-0.4462156766309704,-0.5543662911576871,19.869000149999998,20.499488161941578,19.238512138058418,19.74,19.84,20.059999,18014560.0,1.0944758017958807,0.38000100000000003,0,0.1081506145267167,-1.9417799718092483,27.002135211016277,-0.155935731091495,36.410751116052026
2023-10-24,19.68,20.003,19.65,19.98,19.98,21650900,19.8599998,19.688000199999998,19.703333666666666,20.058846153846154,19.8360002,21.224399939999998,23.087899979999996,1.5243902439024515,1.1897921792742505,Tuesday,44.912666306636055,-0.399135854559006,-0.5233202038379509,19.8360002,20.36205675057397,19.30994364942603,19.68,19.74,19.84,18785860.0,1.152510452010182,0.35300000000000153,1,0.12418434927894484,-1.7723476437916723,13.949401619561026,-0.1102465988606198,15.897644669220576
2023-10-25,20.0,20.118999,19.719999,19.73,19.73,24711200,19.794,19.704000200000003,19.691666916666666,20.00769234615385,19.811500249999998,21.15379994,23.029699989999997,-1.2512512512512508,1.107497311971238,Wednesday,41.251041902822095,-0.37764441727118125,-0.49418504652459694,19.811500249999998,20.30858243334748,19.314418066652518,19.98,19.68,19.74,19215510.0,1.2860028175156424,0.39899999999999736,0,0.11654062925341568,-1.579519636845746,25.7064748412578,-0.03796452102452207,27.556830465761312
2023-10-26,18.85,19.129999,18.5,18.690001,18.690001,60514900,19.564000200000002,19.641000299999998,19.608333583333334,19.92307703846154,19.74050025,21.06899996,22.965099999999996,-5.271155600608224,2.513910493804846,Thursday,30.21515244477719,-0.43946563971210395,-0.48324116516209836,19.74050025,20.419218358644166,19.061782141355835,19.73,19.98,19.68,23820850.0,2.540417323479221,0.6299990000000015,0,0.04377552544999441,-1.5797933949690226,22.26569731713913,0.8076930387638294,31.45344981963091
2023-10-27,18.605,18.709999,18.084999,18.209999,18.209999,43215400,19.258000000000003,19.5250001,19.495000166666667,19.821923153846154,19.6470002,20.97759992,22.895499989999998,-2.5682288620530236,2.5482672026314632,Friday,26.668880665120966,-0.5211836727958818,-0.4908296666888551,19.6470002,20.58034045564197,18.71365994435803,18.690001,19.73,19.98,26501320.0,1.6306885845686176,0.625,0,-0.030354006107026765,-1.6493000434019527,27.24470422433806,0.3990913312431378,37.08221996901224
2023-10-30,18.34,18.875,17.82,18.639999,18.639999,39398800,19.049999800000002,19.4349999,19.438333416666666,19.748461615384613,19.56300015,20.89299988,22.831099979999998,2.3613400527918715,3.0995158867011035,Monday,34.1275466187667,-0.5449663634137032,-0.5016570060338247,19.56300015,20.540304880573892,18.58569541942611,18.209999,18.690001,19.73,28914000.0,1.362620183993913,1.0549999999999997,1,-0.04330935737987851,-1.5703916829468323,17.078434367768118,0.30894599311640164,20.747600610135333
2023-10-31,18.809999,18.879999,18.5,18.6,18.6,81622600,18.7739998,19.316999799999998,19.374166666666664,19.662692384615386,19.49350015,20.80699988,22.76599997,-0.2145869213834084,2.8251099038484675,Tuesday,33.783323075248276,-0.5605798861095579,-0.5134415820489714,19.49350015,20.53504305348603,18.451957246513967,18.639999,18.209999,18.690001,35201250.0,2.3187415219629983,0.37999900000000153,0,-0.0471383040605865,-1.467376452344201,11.37157609869806,1.3062416824722893,23.6113410034835
2023-11-01,18.58,18.9,18.405001,18.879999,18.879999,20218100,18.603999599999998,19.1989998,19.319166499999998,19.59500007692308,19.4510001,20.709799859999997,22.70379996,1.5053709677419258,3.1129715355913548,Wednesday,38.46247911723233,-0.5440882257019304,-0.5195709107795632,19.4510001,20.519492916635834,18.38250728336417,18.6,18.639999,18.209999,35393640.0,0.5712353970939412,0.49499899999999997,1,-0.024517314922367195,-1.4076732627724153,27.736872995597363,-0.1440883010217023,36.89088348124307
2023-11-02,19.0,19.245001,18.780001,19.23,19.23,15439000,18.7119994,19.1379998,19.273333083333334,19.55692319230769,19.4245001,20.621999839999997,22.64589996,1.8538189541217553,2.012121232117576,Thursday,43.80779875364895,-0.49704666583040336,-0.5150660617897312,19.4245001,20.48729825600253,18.36170194399747,18.879999,18.6,18.639999,35054390.0,0.440429857715396,0.46499999999999986,1,0.01801939595932789,-1.4500752811970923,13.949169580090066,-0.2569671946551679,31.27947380523831
2023-11-03,19.49,19.709999,19.299999,19.370001,19.370001,16872900,18.9439998,19.100999899999998,19.21583325,19.528461653846154,19.389500149999996,20.53619986,22.58829998,0.7280343213728502,1.0102351271497358,Friday,45.83455956648929,-0.4433582224458128,-0.5007244939209475,19.389500149999996,20.41023515018493,18.36876514981506,19.23,18.879999,18.6,34336030.0,0.4914050925514685,0.41000000000000014,1,0.057366271475134734,-1.6008859754940417,18.64721838233981,-0.22309951128779193,18.035423252493036
